ICPR2012Contest_Cell_ID;Set;Image;Intensity;Original_cell_ID;Cell_class;Cell_width;Cell_height
1;training;18;positive;30;homogeneous;67;98
2;training;6;positive;14;coarse_speckled;83;76
3;training;1;positive;54;homogeneous;94;80
4;training;8;positive;25;nucleolar;96;72
5;training;8;positive;32;nucleolar;82;83
6;training;3;positive;86;centromere;69;76
7;training;7;intermediate;17;centromere;93;85
8;training;14;intermediate;44;centromere;70;104
9;training;1;positive;48;homogeneous;86;113
10;training;3;positive;91;centromere;63;74
11;training;11;intermediate;47;coarse_speckled;67;81
12;training;2;intermediate;13;fine_speckled;60;89
13;training;18;positive;5;homogeneous;48;39
14;training;26;positive;37;cytoplasmatic;166;254
15;training;1;positive;39;homogeneous;72;67
16;training;1;positive;14;homogeneous;81;79
17;training;14;intermediate;65;centromere;71;64
18;training;18;positive;2;homogeneous;53;85
19;training;3;positive;15;centromere;85;52
20;training;7;intermediate;2;centromere;91;95
21;training;5;intermediate;51;homogeneous;60;92
22;training;2;intermediate;47;fine_speckled;85;63
23;training;11;intermediate;34;coarse_speckled;83;67
24;training;3;positive;41;centromere;99;80
25;training;11;intermediate;19;coarse_speckled;91;69
26;training;18;positive;26;homogeneous;63;90
27;training;1;positive;43;homogeneous;76;70
28;training;3;positive;81;centromere;74;94
29;training;3;positive;51;centromere;99;90
30;training;6;positive;1;coarse_speckled;70;58
31;training;5;intermediate;48;homogeneous;60;71
32;training;26;positive;27;cytoplasmatic;82;113
33;training;20;intermediate;36;nucleolar;86;87
34;training;2;intermediate;33;fine_speckled;73;64
35;training;3;positive;24;centromere;63;58
36;training;25;intermediate;21;cytoplasmatic;104;104
37;training;3;positive;26;centromere;84;87
38;training;1;positive;53;homogeneous;72;79
39;training;20;intermediate;11;nucleolar;77;80
40;training;3;positive;32;centromere;105;75
41;training;9;positive;38;fine_speckled;72;102
42;training;6;positive;3;coarse_speckled;55;86
43;training;8;positive;55;nucleolar;71;86
44;training;3;positive;70;centromere;68;56
45;training;6;positive;62;coarse_speckled;82;69
46;training;1;positive;10;homogeneous;107;133
47;training;18;positive;12;homogeneous;94;99
48;training;2;intermediate;50;fine_speckled;72;104
49;training;7;intermediate;53;centromere;80;92
50;training;1;positive;23;homogeneous;71;92
51;training;14;intermediate;35;centromere;58;62
52;training;2;intermediate;5;fine_speckled;75;82
53;training;14;intermediate;8;centromere;69;82
54;training;9;positive;15;fine_speckled;103;95
55;training;14;intermediate;28;centromere;101;74
56;training;8;positive;24;nucleolar;82;76
57;training;5;intermediate;37;homogeneous;88;73
58;training;8;positive;10;nucleolar;80;78
59;training;14;intermediate;27;centromere;71;67
60;training;7;intermediate;19;centromere;87;86
61;training;3;positive;77;centromere;64;69
62;training;8;positive;49;nucleolar;91;77
63;training;2;intermediate;2;fine_speckled;77;58
64;training;3;positive;31;centromere;81;96
65;training;6;positive;56;coarse_speckled;69;66
66;training;3;positive;7;centromere;72;81
67;training;7;intermediate;34;centromere;88;60
68;training;26;positive;38;cytoplasmatic;105;177
69;training;3;positive;20;centromere;84;73
70;training;7;intermediate;36;centromere;63;99
71;training;5;intermediate;23;homogeneous;65;88
72;training;6;positive;44;coarse_speckled;60;82
73;training;1;positive;37;homogeneous;79;87
74;training;11;intermediate;17;coarse_speckled;67;74
75;training;3;positive;44;centromere;92;72
76;training;3;positive;64;centromere;90;80
77;training;8;positive;59;nucleolar;78;62
78;training;14;intermediate;45;centromere;89;78
79;training;5;intermediate;30;homogeneous;71;81
80;training;14;intermediate;48;centromere;81;80
81;training;8;positive;21;nucleolar;86;91
82;training;3;positive;87;centromere;57;73
83;training;6;positive;21;coarse_speckled;83;86
84;training;14;intermediate;9;centromere;56;75
85;training;18;positive;18;homogeneous;108;66
86;training;1;positive;30;homogeneous;69;72
87;training;3;positive;50;centromere;74;80
88;training;2;intermediate;22;fine_speckled;78;99
89;training;20;intermediate;14;nucleolar;75;88
90;training;9;positive;40;fine_speckled;92;122
91;training;14;intermediate;19;centromere;93;75
92;training;3;positive;85;centromere;57;72
93;training;3;positive;2;centromere;58;57
94;training;3;positive;6;centromere;78;76
95;training;6;positive;54;coarse_speckled;76;84
96;training;6;positive;38;coarse_speckled;63;72
97;training;14;intermediate;37;centromere;91;62
98;training;6;positive;71;coarse_speckled;78;77
99;training;7;intermediate;41;centromere;89;60
100;training;5;intermediate;24;homogeneous;67;108
101;training;9;positive;4;fine_speckled;70;63
102;training;8;positive;16;nucleolar;74;102
103;training;26;positive;35;cytoplasmatic;175;92
104;training;3;positive;18;centromere;92;77
105;training;2;intermediate;17;fine_speckled;60;66
106;training;14;intermediate;31;centromere;67;73
107;training;11;intermediate;10;coarse_speckled;72;68
108;training;20;intermediate;26;nucleolar;95;92
109;training;8;positive;50;nucleolar;95;73
110;training;9;positive;13;fine_speckled;87;89
111;training;7;intermediate;20;centromere;83;63
112;training;5;intermediate;11;homogeneous;72;102
113;training;18;positive;14;homogeneous;110;76
114;training;3;positive;35;centromere;104;89
115;training;1;positive;2;homogeneous;63;83
116;training;9;positive;47;fine_speckled;91;91
117;training;5;intermediate;49;homogeneous;93;84
118;training;1;positive;45;homogeneous;66;83
119;training;2;intermediate;19;fine_speckled;73;93
120;training;3;positive;48;centromere;79;79
121;training;6;positive;20;coarse_speckled;74;61
122;training;14;intermediate;67;centromere;80;76
123;training;3;positive;55;centromere;83;64
124;training;9;positive;41;fine_speckled;90;112
125;training;1;positive;26;homogeneous;73;89
126;training;7;intermediate;9;centromere;78;81
127;training;6;positive;26;coarse_speckled;71;75
128;training;20;intermediate;38;nucleolar;75;79
129;training;14;intermediate;29;centromere;90;91
130;training;9;positive;24;fine_speckled;74;99
131;training;14;intermediate;60;centromere;62;72
132;training;26;positive;9;cytoplasmatic;145;155
133;training;7;intermediate;33;centromere;83;75
134;training;3;positive;11;centromere;92;96
135;training;7;intermediate;12;centromere;88;97
136;training;3;positive;72;centromere;74;69
137;training;9;positive;43;fine_speckled;72;77
138;training;3;positive;53;centromere;69;68
139;training;26;positive;36;cytoplasmatic;166;158
140;training;20;intermediate;9;nucleolar;77;96
141;training;18;positive;36;homogeneous;111;86
142;training;20;intermediate;20;nucleolar;90;84
143;training;11;intermediate;31;coarse_speckled;69;75
144;training;14;intermediate;6;centromere;83;77
145;training;6;positive;52;coarse_speckled;62;87
146;training;14;intermediate;23;centromere;78;74
147;training;8;positive;47;nucleolar;74;76
148;training;11;intermediate;18;coarse_speckled;72;79
149;training;1;positive;25;homogeneous;82;74
150;training;5;intermediate;17;homogeneous;58;77
151;training;26;positive;30;cytoplasmatic;207;69
152;training;3;positive;61;centromere;63;64
153;training;3;positive;63;centromere;75;66
154;training;11;intermediate;42;coarse_speckled;85;91
155;training;6;positive;4;coarse_speckled;56;93
156;training;18;positive;3;homogeneous;74;73
157;training;7;intermediate;3;centromere;96;73
158;training;11;intermediate;24;coarse_speckled;83;89
159;training;9;positive;21;fine_speckled;62;79
160;training;1;positive;18;homogeneous;72;84
161;training;3;positive;40;centromere;71;69
162;training;6;positive;27;coarse_speckled;74;58
163;training;8;positive;36;nucleolar;67;79
164;training;3;positive;59;centromere;94;76
165;training;20;intermediate;39;nucleolar;89;62
166;training;2;intermediate;8;fine_speckled;72;69
167;training;5;intermediate;47;homogeneous;56;83
168;training;20;intermediate;27;nucleolar;85;95
169;training;6;positive;45;coarse_speckled;62;64
170;training;11;intermediate;25;coarse_speckled;77;79
171;training;3;positive;62;centromere;89;62
172;training;6;positive;37;coarse_speckled;64;72
173;training;8;positive;52;nucleolar;90;83
174;training;9;positive;32;fine_speckled;79;85
175;training;20;intermediate;43;nucleolar;96;82
176;training;18;positive;41;homogeneous;101;84
177;training;5;intermediate;6;homogeneous;116;81
178;training;11;intermediate;3;coarse_speckled;74;73
179;training;7;intermediate;45;centromere;84;80
180;training;1;positive;40;homogeneous;117;97
181;training;7;intermediate;22;centromere;77;75
182;training;5;intermediate;34;homogeneous;97;72
183;training;8;positive;7;nucleolar;126;56
184;training;7;intermediate;44;centromere;64;70
185;training;8;positive;17;nucleolar;89;84
186;training;11;intermediate;23;coarse_speckled;83;78
187;training;1;positive;7;homogeneous;67;109
188;training;5;intermediate;42;homogeneous;84;62
189;training;6;positive;17;coarse_speckled;66;73
190;training;8;positive;9;nucleolar;93;76
191;training;6;positive;35;coarse_speckled;65;71
192;training;3;positive;56;centromere;105;76
193;training;9;positive;22;fine_speckled;74;86
194;training;20;intermediate;40;nucleolar;96;92
195;training;2;intermediate;38;fine_speckled;57;78
196;training;5;intermediate;43;homogeneous;66;74
197;training;3;positive;90;centromere;61;88
198;training;18;positive;10;homogeneous;89;91
199;training;7;intermediate;32;centromere;63;80
200;training;3;positive;21;centromere;63;52
201;training;8;positive;22;nucleolar;90;79
202;training;3;positive;73;centromere;73;76
203;training;26;positive;21;cytoplasmatic;119;287
204;training;11;intermediate;15;coarse_speckled;96;77
205;training;5;intermediate;32;homogeneous;65;98
206;training;7;intermediate;18;centromere;90;74
207;training;7;intermediate;1;centromere;87;77
208;training;9;positive;17;fine_speckled;66;75
209;training;5;intermediate;12;homogeneous;83;89
210;training;20;intermediate;46;nucleolar;86;69
211;training;6;positive;19;coarse_speckled;58;87
212;training;18;positive;21;homogeneous;87;84
213;training;8;positive;38;nucleolar;74;87
214;training;9;positive;8;fine_speckled;104;101
215;training;18;positive;29;homogeneous;61;95
216;training;26;positive;8;cytoplasmatic;220;115
217;training;6;positive;74;coarse_speckled;79;69
218;training;1;positive;17;homogeneous;106;130
219;training;3;positive;93;centromere;75;57
220;training;3;positive;88;centromere;51;71
221;training;3;positive;79;centromere;63;68
222;training;18;positive;4;homogeneous;123;107
223;training;7;intermediate;49;centromere;105;85
224;training;1;positive;64;homogeneous;66;81
225;training;7;intermediate;24;centromere;95;68
226;training;6;positive;46;coarse_speckled;89;76
227;training;18;positive;40;homogeneous;102;68
228;training;6;positive;53;coarse_speckled;75;81
229;training;6;positive;29;coarse_speckled;84;80
230;training;1;positive;35;homogeneous;83;79
231;training;3;positive;42;centromere;90;54
232;training;8;positive;56;nucleolar;87;61
233;training;20;intermediate;28;nucleolar;82;105
234;training;3;positive;69;centromere;72;71
235;training;18;positive;25;homogeneous;81;103
236;training;18;positive;27;homogeneous;67;110
237;training;26;positive;26;cytoplasmatic;316;139
238;training;8;positive;18;nucleolar;73;65
239;training;20;intermediate;35;nucleolar;95;104
240;training;8;positive;54;nucleolar;84;71
241;training;6;positive;59;coarse_speckled;67;69
242;training;20;intermediate;16;nucleolar;72;95
243;training;20;intermediate;15;nucleolar;89;90
244;training;11;intermediate;48;coarse_speckled;84;69
245;training;3;positive;4;centromere;86;83
246;training;1;positive;61;homogeneous;45;52
247;training;1;positive;42;homogeneous;64;81
248;training;9;positive;23;fine_speckled;76;94
249;training;14;intermediate;4;centromere;103;73
250;training;7;intermediate;11;centromere;64;73
251;training;14;intermediate;5;centromere;75;87
252;training;14;intermediate;17;centromere;97;66
253;training;14;intermediate;53;centromere;70;55
254;training;25;intermediate;9;cytoplasmatic;93;180
255;training;7;intermediate;46;centromere;105;110
256;training;1;positive;22;homogeneous;79;93
257;training;9;positive;18;fine_speckled;74;79
258;training;14;intermediate;11;centromere;70;100
259;training;5;intermediate;31;homogeneous;64;98
260;training;3;positive;65;centromere;84;55
261;training;6;positive;28;coarse_speckled;65;69
262;training;2;intermediate;25;fine_speckled;94;77
263;training;8;positive;35;nucleolar;77;88
264;training;25;intermediate;23;cytoplasmatic;95;266
265;training;6;positive;6;coarse_speckled;65;70
266;training;8;positive;40;nucleolar;81;78
267;training;20;intermediate;48;nucleolar;101;71
268;training;20;intermediate;30;nucleolar;96;123
269;training;7;intermediate;62;centromere;61;69
270;training;18;positive;11;homogeneous;95;81
271;training;14;intermediate;52;centromere;62;80
272;training;9;positive;37;fine_speckled;64;61
273;training;9;positive;35;fine_speckled;83;68
274;training;3;positive;8;centromere;83;79
275;training;18;positive;28;homogeneous;65;97
276;training;25;intermediate;24;cytoplasmatic;351;115
277;training;1;positive;27;homogeneous;71;70
278;training;2;intermediate;52;fine_speckled;70;96
279;training;1;positive;5;homogeneous;91;128
280;training;5;intermediate;15;homogeneous;78;85
281;training;26;positive;32;cytoplasmatic;107;215
282;training;5;intermediate;7;homogeneous;70;89
283;training;5;intermediate;29;homogeneous;48;70
284;training;9;positive;6;fine_speckled;76;74
285;training;2;intermediate;40;fine_speckled;85;70
286;training;6;positive;13;coarse_speckled;57;55
287;training;2;intermediate;41;fine_speckled;68;63
288;training;1;positive;33;homogeneous;66;59
289;training;2;intermediate;30;fine_speckled;62;116
290;training;11;intermediate;20;coarse_speckled;77;88
291;training;14;intermediate;14;centromere;83;79
292;training;5;intermediate;50;homogeneous;63;88
293;training;6;positive;72;coarse_speckled;75;92
294;training;1;positive;31;homogeneous;69;76
295;training;8;positive;30;nucleolar;82;86
296;training;3;positive;84;centromere;53;78
297;training;11;intermediate;12;coarse_speckled;68;80
298;training;3;positive;76;centromere;58;69
299;training;6;positive;64;coarse_speckled;70;69
300;training;5;intermediate;35;homogeneous;96;70
301;training;14;intermediate;25;centromere;65;85
302;training;6;positive;16;coarse_speckled;76;70
303;training;5;intermediate;26;homogeneous;73;86
304;training;9;positive;34;fine_speckled;85;93
305;training;5;intermediate;28;homogeneous;88;65
306;training;2;intermediate;4;fine_speckled;72;88
307;training;14;intermediate;54;centromere;79;56
308;training;2;intermediate;46;fine_speckled;70;77
309;training;3;positive;14;centromere;77;55
310;training;20;intermediate;8;nucleolar;84;72
311;training;26;positive;19;cytoplasmatic;221;145
312;training;26;positive;20;cytoplasmatic;117;142
313;training;18;positive;34;homogeneous;108;90
314;training;11;intermediate;4;coarse_speckled;68;82
315;training;7;intermediate;10;centromere;87;90
316;training;14;intermediate;40;centromere;75;84
317;training;18;positive;37;homogeneous;104;94
318;training;6;positive;50;coarse_speckled;63;85
319;training;3;positive;71;centromere;91;84
320;training;7;intermediate;28;centromere;95;78
321;training;14;intermediate;39;centromere;78;73
322;training;1;positive;36;homogeneous;69;63
323;training;25;intermediate;3;cytoplasmatic;181;261
324;training;3;positive;57;centromere;60;80
325;training;25;intermediate;19;cytoplasmatic;148;104
326;training;9;positive;36;fine_speckled;76;71
327;training;8;positive;12;nucleolar;82;88
328;training;26;positive;40;cytoplasmatic;136;174
329;training;8;positive;26;nucleolar;65;71
330;training;14;intermediate;47;centromere;89;51
331;training;1;positive;49;homogeneous;75;67
332;training;1;positive;19;homogeneous;75;82
333;training;1;positive;38;homogeneous;83;75
334;training;2;intermediate;48;fine_speckled;72;85
335;training;2;intermediate;34;fine_speckled;58;46
336;training;3;positive;83;centromere;73;76
337;training;7;intermediate;16;centromere;81;99
338;training;26;positive;41;cytoplasmatic;115;235
339;training;18;positive;42;homogeneous;106;102
340;training;3;positive;52;centromere;85;68
341;training;14;intermediate;42;centromere;87;60
342;training;3;positive;74;centromere;64;80
343;training;8;positive;5;nucleolar;90;83
344;training;8;positive;57;nucleolar;69;73
345;training;18;positive;9;homogeneous;104;101
346;training;3;positive;23;centromere;59;91
347;training;20;intermediate;45;nucleolar;70;91
348;training;6;positive;68;coarse_speckled;78;54
349;training;18;positive;39;homogeneous;92;95
350;training;14;intermediate;26;centromere;67;84
351;training;26;positive;34;cytoplasmatic;135;172
352;training;14;intermediate;59;centromere;75;64
353;training;3;positive;3;centromere;95;59
354;training;5;intermediate;41;homogeneous;85;68
355;training;11;intermediate;40;coarse_speckled;84;82
356;training;5;intermediate;1;homogeneous;86;84
357;training;20;intermediate;23;nucleolar;69;100
358;training;9;positive;30;fine_speckled;80;76
359;training;20;intermediate;25;nucleolar;63;86
360;training;20;intermediate;12;nucleolar;79;90
361;training;6;positive;30;coarse_speckled;80;74
362;training;20;intermediate;47;nucleolar;59;78
363;training;18;positive;13;homogeneous;83;88
364;training;8;positive;19;nucleolar;89;79
365;training;5;intermediate;21;homogeneous;59;54
366;training;6;positive;69;coarse_speckled;81;52
367;training;6;positive;24;coarse_speckled;69;78
368;training;8;positive;58;nucleolar;85;89
369;training;18;positive;8;homogeneous;46;80
370;training;11;intermediate;26;coarse_speckled;82;97
371;training;18;positive;33;homogeneous;75;80
372;training;14;intermediate;30;centromere;97;62
373;training;7;intermediate;14;centromere;100;90
374;training;6;positive;42;coarse_speckled;64;64
375;training;2;intermediate;29;fine_speckled;51;68
376;training;14;intermediate;20;centromere;77;64
377;training;25;intermediate;8;cytoplasmatic;170;114
378;training;18;positive;19;homogeneous;112;72
379;training;7;intermediate;38;centromere;75;79
380;training;2;intermediate;43;fine_speckled;95;88
381;training;11;intermediate;43;coarse_speckled;87;102
382;training;14;intermediate;66;centromere;57;72
383;training;20;intermediate;32;nucleolar;85;101
384;training;14;intermediate;58;centromere;68;67
385;training;1;positive;32;homogeneous;69;68
386;training;5;intermediate;9;homogeneous;96;96
387;training;9;positive;33;fine_speckled;94;84
388;training;20;intermediate;7;nucleolar;82;73
389;training;20;intermediate;5;nucleolar;68;58
390;training;2;intermediate;26;fine_speckled;61;65
391;training;1;positive;51;homogeneous;61;72
392;training;14;intermediate;50;centromere;98;71
393;training;8;positive;43;nucleolar;92;83
394;training;11;intermediate;27;coarse_speckled;64;83
395;training;3;positive;29;centromere;86;83
396;training;2;intermediate;21;fine_speckled;78;67
397;training;9;positive;2;fine_speckled;74;73
398;training;8;positive;20;nucleolar;82;99
399;training;14;intermediate;18;centromere;104;59
400;training;7;intermediate;61;centromere;65;60
401;training;8;positive;34;nucleolar;69;75
402;training;2;intermediate;6;fine_speckled;69;78
403;training;2;intermediate;18;fine_speckled;60;65
404;training;5;intermediate;38;homogeneous;71;79
405;training;3;positive;5;centromere;85;50
406;training;14;intermediate;33;centromere;63;67
407;training;7;intermediate;55;centromere;77;85
408;training;6;positive;77;coarse_speckled;70;53
409;training;11;intermediate;45;coarse_speckled;83;69
410;training;11;intermediate;39;coarse_speckled;96;74
411;training;8;positive;53;nucleolar;83;80
412;training;3;positive;47;centromere;77;79
413;training;1;positive;20;homogeneous;85;89
414;training;25;intermediate;17;cytoplasmatic;209;167
415;training;8;positive;42;nucleolar;70;100
416;training;20;intermediate;22;nucleolar;73;99
417;training;6;positive;70;coarse_speckled;70;74
418;training;7;intermediate;37;centromere;87;78
419;training;26;positive;23;cytoplasmatic;132;155
420;training;20;intermediate;33;nucleolar;81;95
421;training;8;positive;31;nucleolar;70;82
422;training;14;intermediate;56;centromere;77;67
423;training;18;positive;22;homogeneous;84;87
424;training;14;intermediate;46;centromere;90;47
425;training;5;intermediate;14;homogeneous;64;96
426;training;2;intermediate;10;fine_speckled;66;76
427;training;20;intermediate;42;nucleolar;115;89
428;training;14;intermediate;24;centromere;59;94
429;training;3;positive;12;centromere;81;56
430;training;20;intermediate;18;nucleolar;83;126
431;training;20;intermediate;17;nucleolar;73;118
432;training;3;positive;66;centromere;79;68
433;training;18;positive;35;homogeneous;104;97
434;training;8;positive;23;nucleolar;77;90
435;training;11;intermediate;21;coarse_speckled;72;92
436;training;14;intermediate;38;centromere;72;53
437;training;9;positive;25;fine_speckled;88;82
438;training;7;intermediate;23;centromere;94;83
439;training;2;intermediate;23;fine_speckled;75;70
440;training;1;positive;52;homogeneous;80;109
441;training;2;intermediate;20;fine_speckled;86;67
442;training;3;positive;27;centromere;80;83
443;training;5;intermediate;45;homogeneous;54;83
444;training;8;positive;8;nucleolar;80;78
445;training;18;positive;31;homogeneous;80;71
446;training;6;positive;63;coarse_speckled;65;81
447;training;20;intermediate;34;nucleolar;90;107
448;training;3;positive;89;centromere;48;61
449;training;25;intermediate;10;cytoplasmatic;175;155
450;training;1;positive;44;homogeneous;84;64
451;training;3;positive;37;centromere;87;83
452;training;26;positive;31;cytoplasmatic;140;74
453;training;20;intermediate;6;nucleolar;74;82
454;training;6;positive;39;coarse_speckled;73;75
455;training;11;intermediate;5;coarse_speckled;93;87
456;training;5;intermediate;39;homogeneous;79;58
457;training;9;positive;49;fine_speckled;83;83
458;training;3;positive;80;centromere;88;76
459;training;5;intermediate;25;homogeneous;80;71
460;training;25;intermediate;4;cytoplasmatic;339;129
461;training;1;positive;28;homogeneous;63;80
462;training;6;positive;40;coarse_speckled;66;69
463;training;2;intermediate;42;fine_speckled;84;53
464;training;1;positive;16;homogeneous;69;79
465;training;2;intermediate;39;fine_speckled;79;80
466;training;9;positive;9;fine_speckled;82;69
467;training;2;intermediate;9;fine_speckled;86;66
468;training;8;positive;11;nucleolar;107;65
469;training;14;intermediate;51;centromere;91;69
470;training;1;positive;41;homogeneous;92;79
471;training;7;intermediate;40;centromere;114;78
472;training;3;positive;38;centromere;83;66
473;training;26;positive;28;cytoplasmatic;240;97
474;training;3;positive;10;centromere;87;78
475;training;6;positive;47;coarse_speckled;70;65
476;training;7;intermediate;47;centromere;100;87
477;training;5;intermediate;8;homogeneous;61;86
478;training;20;intermediate;13;nucleolar;86;102
479;training;25;intermediate;1;cytoplasmatic;339;125
480;training;1;positive;46;homogeneous;82;77
481;training;8;positive;45;nucleolar;71;103
482;training;5;intermediate;44;homogeneous;75;58
483;training;1;positive;15;homogeneous;74;78
484;training;3;positive;54;centromere;102;54
485;training;6;positive;9;coarse_speckled;70;85
486;training;25;intermediate;11;cytoplasmatic;78;166
487;training;3;positive;33;centromere;87;87
488;training;14;intermediate;61;centromere;64;73
489;training;8;positive;28;nucleolar;72;66
490;training;3;positive;45;centromere;68;59
491;training;18;positive;20;homogeneous;109;66
492;training;25;intermediate;2;cytoplasmatic;261;218
493;training;20;intermediate;29;nucleolar;89;94
494;training;8;positive;46;nucleolar;74;86
495;training;14;intermediate;43;centromere;69;93
496;training;25;intermediate;22;cytoplasmatic;88;267
497;training;7;intermediate;60;centromere;71;67
498;training;7;intermediate;42;centromere;75;81
499;training;9;positive;20;fine_speckled;69;82
500;training;5;intermediate;46;homogeneous;94;58
501;training;1;positive;57;homogeneous;67;91
502;training;11;intermediate;16;coarse_speckled;76;103
503;training;7;intermediate;13;centromere;75;75
504;training;5;intermediate;27;homogeneous;58;75
505;training;20;intermediate;31;nucleolar;76;88
506;training;2;intermediate;3;fine_speckled;71;56
507;training;25;intermediate;13;cytoplasmatic;113;156
508;training;8;positive;33;nucleolar;72;90
509;training;7;intermediate;54;centromere;86;82
510;training;25;intermediate;15;cytoplasmatic;226;94
511;training;1;positive;60;homogeneous;90;88
512;training;8;positive;14;nucleolar;95;76
513;training;6;positive;67;coarse_speckled;55;66
514;training;3;positive;9;centromere;82;86
515;training;7;intermediate;51;centromere;81;94
516;training;8;positive;41;nucleolar;81;74
517;training;8;positive;60;nucleolar;79;70
518;training;14;intermediate;55;centromere;86;59
519;training;2;intermediate;44;fine_speckled;90;81
520;training;14;intermediate;15;centromere;101;79
521;training;9;positive;46;fine_speckled;81;88
522;training;3;positive;22;centromere;55;53
523;training;26;positive;39;cytoplasmatic;183;273
524;training;9;positive;31;fine_speckled;54;89
525;training;11;intermediate;13;coarse_speckled;72;81
526;training;20;intermediate;4;nucleolar;97;74
527;training;25;intermediate;6;cytoplasmatic;202;186
528;training;14;intermediate;49;centromere;77;69
529;training;11;intermediate;49;coarse_speckled;73;66
530;training;20;intermediate;10;nucleolar;100;130
531;training;25;intermediate;16;cytoplasmatic;170;85
532;training;3;positive;82;centromere;68;81
533;training;6;positive;61;coarse_speckled;57;69
534;training;25;intermediate;5;cytoplasmatic;312;183
535;training;9;positive;45;fine_speckled;104;75
536;training;3;positive;75;centromere;71;75
537;training;6;positive;7;coarse_speckled;58;83
538;training;11;intermediate;28;coarse_speckled;63;86
539;training;25;intermediate;20;cytoplasmatic;128;97
540;training;20;intermediate;41;nucleolar;128;68
541;training;9;positive;29;fine_speckled;57;66
542;training;2;intermediate;27;fine_speckled;59;71
543;training;7;intermediate;21;centromere;91;79
544;training;1;positive;63;homogeneous;71;56
545;training;11;intermediate;14;coarse_speckled;89;86
546;training;2;intermediate;7;fine_speckled;90;99
547;training;9;positive;3;fine_speckled;82;81
548;training;9;positive;51;fine_speckled;68;75
549;training;14;intermediate;32;centromere;67;73
550;training;8;positive;37;nucleolar;72;76
551;training;9;positive;52;fine_speckled;78;97
552;training;1;positive;1;homogeneous;78;65
553;training;6;positive;48;coarse_speckled;58;91
554;training;1;positive;58;homogeneous;63;66
555;training;9;positive;44;fine_speckled;72;73
556;training;3;positive;39;centromere;70;72
557;training;26;positive;17;cytoplasmatic;94;289
558;training;1;positive;9;homogeneous;95;68
559;training;6;positive;8;coarse_speckled;83;84
560;training;14;intermediate;64;centromere;67;59
561;training;1;positive;13;homogeneous;68;71
562;training;2;intermediate;24;fine_speckled;55;103
563;training;18;positive;24;homogeneous;81;79
564;training;18;positive;43;homogeneous;89;98
565;training;20;intermediate;44;nucleolar;98;83
566;training;11;intermediate;33;coarse_speckled;92;72
567;training;2;intermediate;45;fine_speckled;67;86
568;training;11;intermediate;32;coarse_speckled;87;73
569;training;1;positive;34;homogeneous;79;106
570;training;2;intermediate;36;fine_speckled;86;65
571;training;26;positive;12;cytoplasmatic;84;165
572;training;9;positive;26;fine_speckled;81;82
573;training;18;positive;32;homogeneous;75;63
574;training;3;positive;1;centromere;48;69
575;training;7;intermediate;25;centromere;81;67
576;training;20;intermediate;24;nucleolar;85;133
577;training;2;intermediate;49;fine_speckled;61;90
578;training;7;intermediate;29;centromere;89;76
579;training;26;positive;45;cytoplasmatic;203;123
580;training;1;positive;4;homogeneous;65;78
581;training;1;positive;12;homogeneous;70;66
582;training;26;positive;18;cytoplasmatic;99;167
583;training;14;intermediate;16;centromere;89;79
584;training;9;positive;27;fine_speckled;79;94
585;training;3;positive;17;centromere;83;69
586;training;7;intermediate;50;centromere;76;84
587;training;2;intermediate;16;fine_speckled;71;90
588;training;3;positive;19;centromere;69;91
589;training;6;positive;25;coarse_speckled;75;57
590;training;7;intermediate;43;centromere;82;88
591;training;8;positive;13;nucleolar;86;65
592;training;2;intermediate;12;fine_speckled;81;82
593;training;14;intermediate;36;centromere;101;99
594;training;7;intermediate;26;centromere;93;77
595;training;7;intermediate;31;centromere;89;102
596;training;14;intermediate;13;centromere;85;77
597;training;14;intermediate;7;centromere;72;82
598;training;6;positive;51;coarse_speckled;67;85
599;training;8;positive;27;nucleolar;86;95
600;training;6;positive;22;coarse_speckled;78;72
601;training;11;intermediate;35;coarse_speckled;74;92
602;training;3;positive;58;centromere;61;78
603;training;5;intermediate;52;homogeneous;75;65
604;training;9;positive;48;fine_speckled;71;69
605;training;14;intermediate;62;centromere;96;76
606;training;5;intermediate;18;homogeneous;81;59
607;training;14;intermediate;21;centromere;69;66
608;training;2;intermediate;51;fine_speckled;44;75
609;training;11;intermediate;9;coarse_speckled;85;81
610;training;8;positive;15;nucleolar;82;97
611;training;1;positive;11;homogeneous;75;72
612;training;1;positive;59;homogeneous;71;63
613;training;5;intermediate;20;homogeneous;52;55
614;training;18;positive;16;homogeneous;115;81
615;training;20;intermediate;19;nucleolar;63;95
616;training;20;intermediate;37;nucleolar;90;96
617;training;6;positive;49;coarse_speckled;62;78
618;training;20;intermediate;21;nucleolar;92;98
619;training;7;intermediate;39;centromere;97;75
620;training;18;positive;38;homogeneous;102;82
621;training;7;intermediate;59;centromere;71;75
622;training;8;positive;51;nucleolar;86;72
623;training;14;intermediate;41;centromere;66;74
624;training;9;positive;14;fine_speckled;104;100
625;training;9;positive;28;fine_speckled;79;66
626;training;3;positive;34;centromere;94;84
627;training;8;positive;48;nucleolar;61;82
628;training;1;positive;29;homogeneous;63;82
629;training;2;intermediate;35;fine_speckled;73;69
630;training;3;positive;60;centromere;74;69
631;training;6;positive;41;coarse_speckled;61;75
632;training;26;positive;22;cytoplasmatic;129;127
633;training;18;positive;7;homogeneous;38;48
634;training;26;positive;14;cytoplasmatic;129;326
635;training;7;intermediate;58;centromere;83;72
636;training;2;intermediate;31;fine_speckled;64;62
637;training;5;intermediate;4;homogeneous;98;90
638;training;7;intermediate;48;centromere;79;78
639;training;5;intermediate;22;homogeneous;48;78
640;training;3;positive;13;centromere;81;82
641;training;25;intermediate;18;cytoplasmatic;108;119
642;training;6;positive;75;coarse_speckled;85;62
643;training;5;intermediate;40;homogeneous;81;77
644;training;26;positive;24;cytoplasmatic;260;92
645;training;18;positive;6;homogeneous;46;38
646;training;11;intermediate;7;coarse_speckled;77;82
647;training;3;positive;92;centromere;95;72
648;training;6;positive;58;coarse_speckled;65;72
649;training;14;intermediate;57;centromere;66;76
650;training;7;intermediate;56;centromere;98;97
651;training;6;positive;23;coarse_speckled;69;71
652;training;1;positive;47;homogeneous;79;80
653;training;25;intermediate;12;cytoplasmatic;262;140
654;training;7;intermediate;35;centromere;93;87
655;training;1;positive;24;homogeneous;91;78
656;training;18;positive;15;homogeneous;82;97
657;training;3;positive;28;centromere;88;62
658;training;3;positive;43;centromere;97;60
659;training;7;intermediate;15;centromere;84;76
660;training;6;positive;31;coarse_speckled;69;75
661;training;1;positive;8;homogeneous;69;83
662;training;6;positive;55;coarse_speckled;75;66
663;training;9;positive;39;fine_speckled;68;75
664;training;14;intermediate;12;centromere;67;91
665;training;9;positive;50;fine_speckled;92;86
666;training;8;positive;44;nucleolar;72;90
667;training;11;intermediate;38;coarse_speckled;69;73
668;training;26;positive;25;cytoplasmatic;252;112
669;training;11;intermediate;22;coarse_speckled;82;88
670;training;2;intermediate;32;fine_speckled;67;85
671;training;20;intermediate;49;nucleolar;59;100
672;training;26;positive;29;cytoplasmatic;365;176
673;training;3;positive;68;centromere;81;87
674;training;3;positive;30;centromere;94;80
675;training;9;positive;42;fine_speckled;70;79
676;training;6;positive;36;coarse_speckled;66;66
677;training;8;positive;6;nucleolar;100;73
678;training;14;intermediate;63;centromere;73;84
679;training;26;positive;11;cytoplasmatic;93;157
680;training;1;positive;21;homogeneous;79;97
681;training;6;positive;76;coarse_speckled;70;59
682;training;5;intermediate;33;homogeneous;114;61
683;training;2;intermediate;14;fine_speckled;84;77
684;training;8;positive;39;nucleolar;73;91
685;training;1;positive;55;homogeneous;69;74
686;training;26;positive;33;cytoplasmatic;227;179
687;training;14;intermediate;10;centromere;64;82
688;training;18;positive;23;homogeneous;80;89
689;training;14;intermediate;22;centromere;65;66
690;training;6;positive;60;coarse_speckled;76;68
691;training;25;intermediate;14;cytoplasmatic;144;89
692;training;3;positive;16;centromere;97;60
693;training;3;positive;25;centromere;81;69
694;training;8;positive;29;nucleolar;73;92
695;training;6;positive;18;coarse_speckled;62;84
696;training;18;positive;17;homogeneous;81;81
697;training;9;positive;19;fine_speckled;81;79
698;training;7;intermediate;57;centromere;83;81
699;training;9;positive;16;fine_speckled;77;74
700;training;2;intermediate;1;fine_speckled;65;92
701;training;11;intermediate;6;coarse_speckled;80;84
702;training;6;positive;43;coarse_speckled;59;65
703;training;26;positive;15;cytoplasmatic;194;139
704;training;25;intermediate;7;cytoplasmatic;232;93
705;training;1;positive;50;homogeneous;64;84
706;training;26;positive;13;cytoplasmatic;203;129
707;training;7;intermediate;52;centromere;80;79
708;training;26;positive;43;cytoplasmatic;170;331
709;training;11;intermediate;11;coarse_speckled;69;79
710;training;6;positive;10;coarse_speckled;60;80
711;training;11;intermediate;8;coarse_speckled;74;95
712;training;5;intermediate;19;homogeneous;100;65
713;training;6;positive;15;coarse_speckled;88;68
714;training;5;intermediate;16;homogeneous;71;90
715;training;11;intermediate;44;coarse_speckled;84;66
716;training;3;positive;67;centromere;82;88
717;training;5;intermediate;2;homogeneous;78;94
718;training;7;intermediate;8;centromere;98;83
719;training;6;positive;2;coarse_speckled;71;54
720;training;1;positive;62;homogeneous;62;73
721;training;6;positive;73;coarse_speckled;57;62
1;test;4;intermediate;12;nucleolar;63;73
2;test;24;positive;8;nucleolar;74;86
3;test;24;positive;56;nucleolar;69;105
4;test;21;intermediate;60;homogeneous;90;69
5;test;22;positive;114;homogeneous;57;57
6;test;12;positive;17;coarse_speckled;106;96
7;test;22;positive;55;homogeneous;77;71
8;test;19;intermediate;59;centromere;61;78
9;test;4;intermediate;46;nucleolar;81;59
10;test;4;intermediate;16;nucleolar;60;66
11;test;12;positive;28;coarse_speckled;109;91
12;test;27;positive;35;cytoplasmatic;153;137
13;test;10;intermediate;10;coarse_speckled;105;82
14;test;23;positive;35;fine_speckled;98;71
15;test;19;intermediate;58;centromere;91;79
16;test;4;intermediate;19;nucleolar;70;73
17;test;22;positive;75;homogeneous;65;76
18;test;19;intermediate;22;centromere;67;81
19;test;16;positive;33;centromere;73;87
20;test;16;positive;44;centromere;95;60
21;test;17;positive;3;coarse_speckled;76;67
22;test;19;intermediate;69;centromere;82;77
23;test;17;positive;4;coarse_speckled;97;85
24;test;22;positive;65;homogeneous;80;62
25;test;12;positive;38;coarse_speckled;80;91
26;test;22;positive;37;homogeneous;68;91
27;test;24;positive;59;nucleolar;73;59
28;test;16;positive;37;centromere;96;73
29;test;24;positive;15;nucleolar;70;97
30;test;4;intermediate;11;nucleolar;71;86
31;test;24;positive;66;nucleolar;85;94
32;test;19;intermediate;27;centromere;74;86
33;test;23;positive;9;fine_speckled;73;82
34;test;13;positive;43;centromere;83;91
35;test;15;intermediate;40;fine_speckled;58;93
36;test;17;positive;14;coarse_speckled;108;114
37;test;22;positive;88;homogeneous;59;68
38;test;16;positive;28;centromere;87;69
39;test;17;positive;15;coarse_speckled;98;93
40;test;23;positive;14;fine_speckled;93;71
41;test;22;positive;11;homogeneous;62;93
42;test;17;positive;8;coarse_speckled;64;92
43;test;22;positive;8;homogeneous;62;57
44;test;23;positive;26;fine_speckled;93;82
45;test;15;intermediate;23;fine_speckled;113;83
46;test;10;intermediate;24;coarse_speckled;104;71
47;test;10;intermediate;28;coarse_speckled;94;87
48;test;15;intermediate;66;fine_speckled;85;74
49;test;22;positive;78;homogeneous;73;59
50;test;22;positive;66;homogeneous;64;74
51;test;27;positive;20;cytoplasmatic;159;227
52;test;24;positive;16;nucleolar;77;100
53;test;17;positive;2;coarse_speckled;95;71
54;test;4;intermediate;26;nucleolar;98;80
55;test;15;intermediate;47;fine_speckled;111;80
56;test;10;intermediate;13;coarse_speckled;92;98
57;test;4;intermediate;22;nucleolar;85;67
58;test;19;intermediate;61;centromere;84;78
59;test;19;intermediate;44;centromere;86;83
60;test;19;intermediate;10;centromere;80;101
61;test;24;positive;6;nucleolar;112;98
62;test;12;positive;18;coarse_speckled;105;73
63;test;10;intermediate;36;coarse_speckled;96;125
64;test;4;intermediate;10;nucleolar;66;89
65;test;19;intermediate;51;centromere;85;71
66;test;21;intermediate;44;homogeneous;85;89
67;test;4;intermediate;29;nucleolar;79;77
68;test;22;positive;58;homogeneous;77;91
69;test;22;positive;27;homogeneous;58;65
70;test;22;positive;91;homogeneous;62;64
71;test;23;positive;32;fine_speckled;58;74
72;test;4;intermediate;40;nucleolar;69;79
73;test;23;positive;10;fine_speckled;64;83
74;test;10;intermediate;23;coarse_speckled;90;99
75;test;19;intermediate;15;centromere;109;68
76;test;15;intermediate;48;fine_speckled;59;70
77;test;13;positive;23;centromere;95;93
78;test;17;positive;5;coarse_speckled;55;87
79;test;17;positive;6;coarse_speckled;77;69
80;test;24;positive;71;nucleolar;72;93
81;test;21;intermediate;48;homogeneous;70;66
82;test;12;positive;53;coarse_speckled;100;118
83;test;24;positive;70;nucleolar;99;72
84;test;4;intermediate;52;nucleolar;104;93
85;test;22;positive;49;homogeneous;67;59
86;test;13;positive;46;centromere;76;105
87;test;27;positive;27;cytoplasmatic;234;131
88;test;24;positive;43;nucleolar;74;81
89;test;24;positive;26;nucleolar;90;88
90;test;16;positive;10;centromere;100;105
91;test;15;intermediate;63;fine_speckled;95;90
92;test;27;positive;5;cytoplasmatic;212;146
93;test;27;positive;18;cytoplasmatic;83;166
94;test;23;positive;11;fine_speckled;72;96
95;test;4;intermediate;62;nucleolar;67;62
96;test;22;positive;109;homogeneous;77;66
97;test;24;positive;37;nucleolar;94;77
98;test;19;intermediate;37;centromere;85;88
99;test;22;positive;46;homogeneous;77;84
100;test;19;intermediate;25;centromere;86;72
101;test;12;positive;11;coarse_speckled;84;71
102;test;27;positive;25;cytoplasmatic;226;95
103;test;21;intermediate;28;homogeneous;116;83
104;test;22;positive;4;homogeneous;79;74
105;test;17;positive;9;coarse_speckled;63;87
106;test;21;intermediate;47;homogeneous;74;78
107;test;19;intermediate;8;centromere;86;107
108;test;12;positive;26;coarse_speckled;82;107
109;test;23;positive;22;fine_speckled;89;82
110;test;15;intermediate;17;fine_speckled;91;85
111;test;15;intermediate;46;fine_speckled;88;87
112;test;4;intermediate;48;nucleolar;64;69
113;test;27;positive;24;cytoplasmatic;94;89
114;test;19;intermediate;5;centromere;77;64
115;test;21;intermediate;62;homogeneous;68;103
116;test;15;intermediate;14;fine_speckled;78;68
117;test;13;positive;45;centromere;79;74
118;test;16;positive;16;centromere;82;84
119;test;24;positive;64;nucleolar;94;78
120;test;23;positive;48;fine_speckled;75;66
121;test;21;intermediate;22;homogeneous;85;78
122;test;4;intermediate;68;nucleolar;80;64
123;test;19;intermediate;21;centromere;119;85
124;test;21;intermediate;53;homogeneous;75;105
125;test;23;positive;39;fine_speckled;96;76
126;test;23;positive;45;fine_speckled;72;74
127;test;22;positive;51;homogeneous;55;75
128;test;10;intermediate;22;coarse_speckled;81;96
129;test;16;positive;15;centromere;96;129
130;test;4;intermediate;58;nucleolar;65;78
131;test;17;positive;18;coarse_speckled;97;76
132;test;19;intermediate;48;centromere;85;57
133;test;12;positive;30;coarse_speckled;79;83
134;test;10;intermediate;8;coarse_speckled;90;82
135;test;21;intermediate;21;homogeneous;87;74
136;test;15;intermediate;10;fine_speckled;105;84
137;test;24;positive;35;nucleolar;90;78
138;test;22;positive;112;homogeneous;74;74
139;test;22;positive;7;homogeneous;69;66
140;test;24;positive;63;nucleolar;116;82
141;test;12;positive;14;coarse_speckled;78;77
142;test;27;positive;15;cytoplasmatic;184;115
143;test;17;positive;16;coarse_speckled;91;75
144;test;13;positive;42;centromere;66;87
145;test;27;positive;21;cytoplasmatic;254;134
146;test;4;intermediate;36;nucleolar;54;62
147;test;28;intermediate;4;cytoplasmatic;262;348
148;test;10;intermediate;7;coarse_speckled;104;95
149;test;16;positive;24;centromere;89;78
150;test;22;positive;56;homogeneous;81;56
151;test;21;intermediate;42;homogeneous;49;53
152;test;24;positive;31;nucleolar;72;83
153;test;15;intermediate;29;fine_speckled;83;72
154;test;12;positive;46;coarse_speckled;88;97
155;test;22;positive;92;homogeneous;64;60
156;test;22;positive;47;homogeneous;77;97
157;test;4;intermediate;39;nucleolar;65;59
158;test;22;positive;77;homogeneous;70;69
159;test;21;intermediate;23;homogeneous;68;80
160;test;13;positive;21;centromere;112;73
161;test;24;positive;33;nucleolar;84;86
162;test;15;intermediate;34;fine_speckled;58;69
163;test;27;positive;3;cytoplasmatic;224;154
164;test;13;positive;50;centromere;81;93
165;test;22;positive;111;homogeneous;62;57
166;test;19;intermediate;18;centromere;80;107
167;test;10;intermediate;35;coarse_speckled;75;105
168;test;13;positive;20;centromere;93;70
169;test;22;positive;20;homogeneous;82;98
170;test;22;positive;70;homogeneous;68;70
171;test;22;positive;34;homogeneous;33;38
172;test;13;positive;31;centromere;61;74
173;test;22;positive;35;homogeneous;64;61
174;test;4;intermediate;54;nucleolar;69;63
175;test;21;intermediate;63;homogeneous;72;102
176;test;24;positive;49;nucleolar;68;91
177;test;19;intermediate;57;centromere;58;50
178;test;22;positive;63;homogeneous;66;72
179;test;10;intermediate;18;coarse_speckled;90;120
180;test;12;positive;35;coarse_speckled;85;83
181;test;22;positive;106;homogeneous;73;65
182;test;16;positive;36;centromere;91;100
183;test;27;positive;40;cytoplasmatic;209;249
184;test;13;positive;32;centromere;81;80
185;test;27;positive;13;cytoplasmatic;141;148
186;test;19;intermediate;54;centromere;89;67
187;test;22;positive;73;homogeneous;82;67
188;test;10;intermediate;17;coarse_speckled;112;92
189;test;21;intermediate;45;homogeneous;79;71
190;test;27;positive;34;cytoplasmatic;135;119
191;test;22;positive;12;homogeneous;85;80
192;test;22;positive;50;homogeneous;83;72
193;test;15;intermediate;61;fine_speckled;100;81
194;test;12;positive;10;coarse_speckled;123;103
195;test;4;intermediate;57;nucleolar;72;74
196;test;22;positive;53;homogeneous;77;72
197;test;22;positive;15;homogeneous;77;65
198;test;16;positive;39;centromere;97;73
199;test;22;positive;118;homogeneous;61;100
200;test;17;positive;10;coarse_speckled;86;70
201;test;24;positive;4;nucleolar;77;96
202;test;22;positive;120;homogeneous;82;70
203;test;12;positive;31;coarse_speckled;74;78
204;test;22;positive;36;homogeneous;65;59
205;test;21;intermediate;16;homogeneous;88;65
206;test;13;positive;41;centromere;86;86
207;test;27;positive;1;cytoplasmatic;275;134
208;test;22;positive;96;homogeneous;51;62
209;test;4;intermediate;30;nucleolar;85;86
210;test;24;positive;25;nucleolar;81;74
211;test;21;intermediate;61;homogeneous;72;73
212;test;16;positive;38;centromere;74;98
213;test;23;positive;34;fine_speckled;84;93
214;test;24;positive;48;nucleolar;87;101
215;test;19;intermediate;70;centromere;105;70
216;test;4;intermediate;20;nucleolar;72;67
217;test;24;positive;61;nucleolar;107;83
218;test;12;positive;23;coarse_speckled;80;83
219;test;22;positive;30;homogeneous;70;98
220;test;10;intermediate;6;coarse_speckled;86;131
221;test;12;positive;36;coarse_speckled;74;90
222;test;12;positive;49;coarse_speckled;110;75
223;test;23;positive;25;fine_speckled;88;95
224;test;27;positive;41;cytoplasmatic;126;121
225;test;23;positive;8;fine_speckled;75;98
226;test;27;positive;22;cytoplasmatic;145;161
227;test;24;positive;11;nucleolar;90;85
228;test;17;positive;13;coarse_speckled;88;129
229;test;22;positive;113;homogeneous;71;52
230;test;4;intermediate;42;nucleolar;52;69
231;test;21;intermediate;32;homogeneous;114;70
232;test;24;positive;50;nucleolar;73;91
233;test;13;positive;34;centromere;91;89
234;test;22;positive;108;homogeneous;53;58
235;test;23;positive;52;fine_speckled;86;96
236;test;15;intermediate;59;fine_speckled;108;67
237;test;22;positive;97;homogeneous;81;54
238;test;21;intermediate;58;homogeneous;90;62
239;test;22;positive;72;homogeneous;61;80
240;test;4;intermediate;49;nucleolar;73;66
241;test;28;intermediate;7;cytoplasmatic;104;314
242;test;16;positive;6;centromere;89;161
243;test;15;intermediate;30;fine_speckled;93;72
244;test;24;positive;27;nucleolar;94;73
245;test;22;positive;71;homogeneous;68;68
246;test;24;positive;53;nucleolar;74;101
247;test;24;positive;67;nucleolar;90;79
248;test;22;positive;19;homogeneous;65;71
249;test;22;positive;110;homogeneous;74;68
250;test;21;intermediate;41;homogeneous;70;82
251;test;13;positive;14;centromere;99;95
252;test;23;positive;6;fine_speckled;90;71
253;test;15;intermediate;36;fine_speckled;73;66
254;test;22;positive;79;homogeneous;61;76
255;test;10;intermediate;29;coarse_speckled;105;86
256;test;22;positive;85;homogeneous;59;71
257;test;10;intermediate;16;coarse_speckled;93;99
258;test;10;intermediate;9;coarse_speckled;99;70
259;test;19;intermediate;35;centromere;91;95
260;test;21;intermediate;57;homogeneous;74;71
261;test;21;intermediate;46;homogeneous;76;98
262;test;13;positive;8;centromere;84;75
263;test;23;positive;12;fine_speckled;76;66
264;test;27;positive;19;cytoplasmatic;133;243
265;test;19;intermediate;6;centromere;89;68
266;test;12;positive;48;coarse_speckled;108;80
267;test;27;positive;37;cytoplasmatic;169;132
268;test;22;positive;14;homogeneous;65;80
269;test;27;positive;26;cytoplasmatic;186;94
270;test;27;positive;29;cytoplasmatic;207;165
271;test;10;intermediate;15;coarse_speckled;86;103
272;test;23;positive;29;fine_speckled;71;77
273;test;23;positive;15;fine_speckled;84;85
274;test;15;intermediate;65;fine_speckled;76;63
275;test;10;intermediate;32;coarse_speckled;78;85
276;test;12;positive;8;coarse_speckled;92;87
277;test;4;intermediate;41;nucleolar;67;65
278;test;12;positive;27;coarse_speckled;110;88
279;test;19;intermediate;13;centromere;105;106
280;test;22;positive;64;homogeneous;64;59
281;test;21;intermediate;66;homogeneous;60;94
282;test;15;intermediate;22;fine_speckled;70;89
283;test;24;positive;74;nucleolar;82;65
284;test;12;positive;4;coarse_speckled;84;71
285;test;16;positive;25;centromere;95;86
286;test;4;intermediate;9;nucleolar;54;67
287;test;22;positive;69;homogeneous;77;73
288;test;24;positive;5;nucleolar;121;88
289;test;4;intermediate;66;nucleolar;67;62
290;test;23;positive;42;fine_speckled;80;64
291;test;23;positive;4;fine_speckled;78;79
292;test;16;positive;14;centromere;74;99
293;test;12;positive;24;coarse_speckled;76;76
294;test;10;intermediate;11;coarse_speckled;90;106
295;test;16;positive;18;centromere;86;124
296;test;12;positive;45;coarse_speckled;95;105
297;test;21;intermediate;7;homogeneous;66;100
298;test;23;positive;51;fine_speckled;83;75
299;test;15;intermediate;56;fine_speckled;67;77
300;test;19;intermediate;55;centromere;64;66
301;test;24;positive;41;nucleolar;78;91
302;test;13;positive;10;centromere;73;105
303;test;19;intermediate;64;centromere;63;80
304;test;12;positive;25;coarse_speckled;80;90
305;test;22;positive;119;homogeneous;71;68
306;test;21;intermediate;8;homogeneous;63;81
307;test;4;intermediate;18;nucleolar;78;65
308;test;15;intermediate;15;fine_speckled;75;71
309;test;23;positive;49;fine_speckled;73;75
310;test;13;positive;29;centromere;71;71
311;test;21;intermediate;55;homogeneous;63;83
312;test;21;intermediate;54;homogeneous;92;82
313;test;28;intermediate;12;cytoplasmatic;111;169
314;test;24;positive;19;nucleolar;59;74
315;test;15;intermediate;39;fine_speckled;82;71
316;test;15;intermediate;33;fine_speckled;78;95
317;test;4;intermediate;67;nucleolar;81;62
318;test;24;positive;46;nucleolar;77;77
319;test;13;positive;36;centromere;73;80
320;test;19;intermediate;23;centromere;66;90
321;test;19;intermediate;53;centromere;88;78
322;test;19;intermediate;50;centromere;94;72
323;test;4;intermediate;35;nucleolar;59;82
324;test;22;positive;43;homogeneous;87;82
325;test;23;positive;3;fine_speckled;60;81
326;test;27;positive;6;cytoplasmatic;219;183
327;test;19;intermediate;43;centromere;83;71
328;test;21;intermediate;38;homogeneous;82;88
329;test;19;intermediate;32;centromere;90;110
330;test;19;intermediate;65;centromere;75;78
331;test;13;positive;7;centromere;64;78
332;test;23;positive;47;fine_speckled;89;71
333;test;12;positive;50;coarse_speckled;102;96
334;test;4;intermediate;38;nucleolar;66;53
335;test;13;positive;5;centromere;72;68
336;test;15;intermediate;57;fine_speckled;76;69
337;test;4;intermediate;61;nucleolar;56;45
338;test;13;positive;6;centromere;71;71
339;test;4;intermediate;27;nucleolar;94;88
340;test;16;positive;21;centromere;86;87
341;test;16;positive;19;centromere;96;75
342;test;24;positive;45;nucleolar;89;83
343;test;12;positive;15;coarse_speckled;100;88
344;test;27;positive;23;cytoplasmatic;198;190
345;test;16;positive;23;centromere;101;82
346;test;4;intermediate;64;nucleolar;61;69
347;test;22;positive;89;homogeneous;66;75
348;test;27;positive;28;cytoplasmatic;167;87
349;test;16;positive;32;centromere;75;115
350;test;23;positive;13;fine_speckled;65;74
351;test;13;positive;26;centromere;76;107
352;test;4;intermediate;69;nucleolar;74;65
353;test;16;positive;11;centromere;79;129
354;test;16;positive;43;centromere;89;68
355;test;23;positive;31;fine_speckled;85;59
356;test;22;positive;94;homogeneous;82;59
357;test;4;intermediate;50;nucleolar;67;66
358;test;22;positive;3;homogeneous;80;90
359;test;21;intermediate;20;homogeneous;62;102
360;test;27;positive;44;cytoplasmatic;182;86
361;test;22;positive;68;homogeneous;67;64
362;test;10;intermediate;21;coarse_speckled;80;99
363;test;19;intermediate;63;centromere;80;73
364;test;27;positive;14;cytoplasmatic;113;100
365;test;28;intermediate;1;cytoplasmatic;585;110
366;test;24;positive;40;nucleolar;94;77
367;test;16;positive;5;centromere;113;73
368;test;23;positive;20;fine_speckled;74;80
369;test;19;intermediate;19;centromere;80;74
370;test;15;intermediate;58;fine_speckled;99;66
371;test;15;intermediate;41;fine_speckled;107;90
372;test;13;positive;44;centromere;68;82
373;test;23;positive;33;fine_speckled;55;71
374;test;21;intermediate;25;homogeneous;81;97
375;test;4;intermediate;43;nucleolar;66;68
376;test;24;positive;39;nucleolar;98;72
377;test;15;intermediate;16;fine_speckled;80;82
378;test;23;positive;37;fine_speckled;56;84
379;test;12;positive;56;coarse_speckled;92;130
380;test;10;intermediate;31;coarse_speckled;113;74
381;test;19;intermediate;28;centromere;61;92
382;test;19;intermediate;42;centromere;73;75
383;test;16;positive;12;centromere;74;115
384;test;12;positive;39;coarse_speckled;95;97
385;test;21;intermediate;49;homogeneous;87;77
386;test;4;intermediate;33;nucleolar;61;67
387;test;22;positive;10;homogeneous;20;30
388;test;15;intermediate;26;fine_speckled;91;63
389;test;13;positive;40;centromere;83;62
390;test;19;intermediate;38;centromere;102;64
391;test;4;intermediate;31;nucleolar;107;64
392;test;4;intermediate;1;nucleolar;98;79
393;test;22;positive;99;homogeneous;69;70
394;test;21;intermediate;11;homogeneous;63;79
395;test;19;intermediate;49;centromere;70;62
396;test;17;positive;17;coarse_speckled;82;68
397;test;24;positive;54;nucleolar;84;94
398;test;15;intermediate;12;fine_speckled;94;102
399;test;4;intermediate;34;nucleolar;65;92
400;test;23;positive;24;fine_speckled;110;100
401;test;13;positive;16;centromere;94;87
402;test;15;intermediate;54;fine_speckled;111;109
403;test;19;intermediate;9;centromere;76;98
404;test;23;positive;44;fine_speckled;68;92
405;test;13;positive;18;centromere;63;87
406;test;28;intermediate;10;cytoplasmatic;277;316
407;test;22;positive;22;homogeneous;69;65
408;test;13;positive;13;centromere;89;69
409;test;19;intermediate;36;centromere;63;77
410;test;24;positive;12;nucleolar;69;43
411;test;12;positive;9;coarse_speckled;78;90
412;test;12;positive;41;coarse_speckled;100;81
413;test;21;intermediate;6;homogeneous;99;65
414;test;21;intermediate;24;homogeneous;81;69
415;test;19;intermediate;40;centromere;66;73
416;test;19;intermediate;14;centromere;72;76
417;test;22;positive;90;homogeneous;69;72
418;test;16;positive;9;centromere;98;77
419;test;22;positive;62;homogeneous;58;68
420;test;12;positive;47;coarse_speckled;117;86
421;test;22;positive;31;homogeneous;66;90
422;test;22;positive;54;homogeneous;74;74
423;test;22;positive;23;homogeneous;72;58
424;test;15;intermediate;7;fine_speckled;51;46
425;test;21;intermediate;51;homogeneous;76;71
426;test;24;positive;68;nucleolar;60;70
427;test;15;intermediate;11;fine_speckled;104;84
428;test;22;positive;83;homogeneous;68;67
429;test;4;intermediate;2;nucleolar;60;52
430;test;12;positive;21;coarse_speckled;84;93
431;test;22;positive;29;homogeneous;72;71
432;test;13;positive;37;centromere;109;91
433;test;28;intermediate;11;cytoplasmatic;115;433
434;test;15;intermediate;25;fine_speckled;101;95
435;test;13;positive;15;centromere;97;85
436;test;10;intermediate;5;coarse_speckled;81;123
437;test;17;positive;12;coarse_speckled;94;89
438;test;13;positive;38;centromere;95;90
439;test;23;positive;50;fine_speckled;100;65
440;test;23;positive;53;fine_speckled;70;110
441;test;19;intermediate;12;centromere;60;81
442;test;27;positive;16;cytoplasmatic;144;113
443;test;19;intermediate;11;centromere;68;84
444;test;16;positive;31;centromere;82;105
445;test;4;intermediate;17;nucleolar;77;73
446;test;4;intermediate;44;nucleolar;100;75
447;test;15;intermediate;8;fine_speckled;80;78
448;test;21;intermediate;12;homogeneous;41;56
449;test;15;intermediate;31;fine_speckled;83;86
450;test;22;positive;16;homogeneous;57;79
451;test;12;positive;12;coarse_speckled;95;84
452;test;22;positive;67;homogeneous;74;75
453;test;28;intermediate;13;cytoplasmatic;134;128
454;test;21;intermediate;35;homogeneous;65;85
455;test;15;intermediate;67;fine_speckled;86;92
456;test;19;intermediate;26;centromere;83;83
457;test;19;intermediate;39;centromere;81;85
458;test;24;positive;18;nucleolar;96;108
459;test;23;positive;7;fine_speckled;91;82
460;test;15;intermediate;28;fine_speckled;71;88
461;test;4;intermediate;28;nucleolar;84;84
462;test;4;intermediate;23;nucleolar;79;52
463;test;21;intermediate;9;homogeneous;99;77
464;test;22;positive;116;homogeneous;53;68
465;test;4;intermediate;56;nucleolar;99;83
466;test;15;intermediate;13;fine_speckled;89;75
467;test;21;intermediate;52;homogeneous;97;81
468;test;24;positive;32;nucleolar;101;82
469;test;16;positive;41;centromere;57;62
470;test;15;intermediate;32;fine_speckled;70;84
471;test;13;positive;25;centromere;90;68
472;test;28;intermediate;2;cytoplasmatic;266;123
473;test;4;intermediate;21;nucleolar;97;71
474;test;21;intermediate;65;homogeneous;70;77
475;test;21;intermediate;37;homogeneous;73;80
476;test;13;positive;35;centromere;67;87
477;test;13;positive;52;centromere;115;97
478;test;10;intermediate;19;coarse_speckled;101;95
479;test;27;positive;4;cytoplasmatic;171;125
480;test;17;positive;19;coarse_speckled;88;96
481;test;4;intermediate;37;nucleolar;77;60
482;test;19;intermediate;68;centromere;95;71
483;test;10;intermediate;20;coarse_speckled;113;90
484;test;23;positive;41;fine_speckled;84;98
485;test;17;positive;7;coarse_speckled;70;71
486;test;19;intermediate;7;centromere;81;59
487;test;23;positive;21;fine_speckled;78;50
488;test;21;intermediate;50;homogeneous;87;71
489;test;24;positive;73;nucleolar;66;73
490;test;4;intermediate;70;nucleolar;70;78
491;test;16;positive;30;centromere;98;98
492;test;16;positive;35;centromere;99;86
493;test;24;positive;51;nucleolar;69;92
494;test;24;positive;72;nucleolar;74;95
495;test;15;intermediate;24;fine_speckled;108;75
496;test;4;intermediate;4;nucleolar;74;66
497;test;15;intermediate;44;fine_speckled;75;98
498;test;24;positive;65;nucleolar;105;84
499;test;10;intermediate;4;coarse_speckled;110;65
500;test;24;positive;24;nucleolar;95;94
501;test;22;positive;38;homogeneous;92;93
502;test;24;positive;7;nucleolar;92;104
503;test;23;positive;23;fine_speckled;58;76
504;test;22;positive;105;homogeneous;77;64
505;test;22;positive;40;homogeneous;71;76
506;test;22;positive;44;homogeneous;64;68
507;test;13;positive;12;centromere;75;92
508;test;19;intermediate;16;centromere;85;86
509;test;4;intermediate;6;nucleolar;76;90
510;test;27;positive;38;cytoplasmatic;321;81
511;test;22;positive;100;homogeneous;86;82
512;test;12;positive;19;coarse_speckled;102;70
513;test;4;intermediate;25;nucleolar;62;53
514;test;12;positive;16;coarse_speckled;108;104
515;test;12;positive;33;coarse_speckled;92;71
516;test;4;intermediate;59;nucleolar;81;69
517;test;13;positive;22;centromere;82;100
518;test;19;intermediate;17;centromere;70;90
519;test;12;positive;5;coarse_speckled;84;87
520;test;12;positive;37;coarse_speckled;83;113
521;test;22;positive;84;homogeneous;67;78
522;test;21;intermediate;59;homogeneous;69;68
523;test;28;intermediate;3;cytoplasmatic;329;144
524;test;12;positive;44;coarse_speckled;101;76
525;test;21;intermediate;56;homogeneous;67;74
526;test;21;intermediate;43;homogeneous;102;76
527;test;15;intermediate;35;fine_speckled;72;82
528;test;4;intermediate;13;nucleolar;73;69
529;test;15;intermediate;53;fine_speckled;71;74
530;test;4;intermediate;47;nucleolar;50;68
531;test;22;positive;39;homogeneous;75;68
532;test;22;positive;45;homogeneous;63;67
533;test;4;intermediate;45;nucleolar;79;47
534;test;24;positive;44;nucleolar;93;74
535;test;21;intermediate;34;homogeneous;66;81
536;test;22;positive;33;homogeneous;57;79
537;test;22;positive;52;homogeneous;72;69
538;test;15;intermediate;64;fine_speckled;97;90
539;test;24;positive;22;nucleolar;80;83
540;test;12;positive;42;coarse_speckled;108;100
541;test;15;intermediate;52;fine_speckled;104;95
542;test;16;positive;34;centromere;93;83
543;test;15;intermediate;18;fine_speckled;80;87
544;test;15;intermediate;49;fine_speckled;76;82
545;test;19;intermediate;60;centromere;80;84
546;test;15;intermediate;27;fine_speckled;130;77
547;test;22;positive;107;homogeneous;71;54
548;test;19;intermediate;66;centromere;74;75
549;test;21;intermediate;30;homogeneous;82;91
550;test;16;positive;22;centromere;88;81
551;test;15;intermediate;45;fine_speckled;83;82
552;test;22;positive;95;homogeneous;63;67
553;test;12;positive;40;coarse_speckled;87;115
554;test;27;positive;39;cytoplasmatic;169;120
555;test;23;positive;38;fine_speckled;75;84
556;test;16;positive;17;centromere;86;72
557;test;4;intermediate;3;nucleolar;78;65
558;test;4;intermediate;71;nucleolar;78;88
559;test;15;intermediate;60;fine_speckled;94;66
560;test;24;positive;38;nucleolar;83;76
561;test;24;positive;62;nucleolar;85;112
562;test;22;positive;102;homogeneous;62;74
563;test;21;intermediate;19;homogeneous;62;83
564;test;15;intermediate;20;fine_speckled;70;79
565;test;22;positive;24;homogeneous;55;63
566;test;27;positive;2;cytoplasmatic;189;141
567;test;22;positive;13;homogeneous;83;75
568;test;10;intermediate;27;coarse_speckled;124;66
569;test;16;positive;20;centromere;79;77
570;test;17;positive;11;coarse_speckled;77;65
571;test;24;positive;13;nucleolar;84;96
572;test;15;intermediate;6;fine_speckled;94;78
573;test;27;positive;32;cytoplasmatic;126;147
574;test;22;positive;82;homogeneous;73;57
575;test;19;intermediate;41;centromere;75;75
576;test;28;intermediate;6;cytoplasmatic;152;297
577;test;23;positive;43;fine_speckled;42;44
578;test;22;positive;98;homogeneous;70;79
579;test;12;positive;43;coarse_speckled;98;90
580;test;19;intermediate;30;centromere;78;79
581;test;22;positive;5;homogeneous;74;74
582;test;4;intermediate;51;nucleolar;103;87
583;test;22;positive;87;homogeneous;79;76
584;test;22;positive;76;homogeneous;62;67
585;test;19;intermediate;47;centromere;116;73
586;test;24;positive;28;nucleolar;87;64
587;test;24;positive;21;nucleolar;99;78
588;test;22;positive;26;homogeneous;77;81
589;test;16;positive;42;centromere;84;84
590;test;21;intermediate;14;homogeneous;65;83
591;test;4;intermediate;60;nucleolar;85;62
592;test;4;intermediate;32;nucleolar;84;99
593;test;16;positive;40;centromere;90;74
594;test;24;positive;23;nucleolar;77;97
595;test;24;positive;69;nucleolar;106;79
596;test;19;intermediate;31;centromere;78;88
597;test;24;positive;9;nucleolar;74;94
598;test;15;intermediate;51;fine_speckled;87;104
599;test;24;positive;52;nucleolar;70;85
600;test;13;positive;27;centromere;100;110
601;test;12;positive;6;coarse_speckled;79;76
602;test;12;positive;20;coarse_speckled;96;84
603;test;21;intermediate;36;homogeneous;71;75
604;test;16;positive;27;centromere;88;94
605;test;21;intermediate;26;homogeneous;68;73
606;test;22;positive;32;homogeneous;72;75
607;test;24;positive;55;nucleolar;74;96
608;test;12;positive;13;coarse_speckled;99;66
609;test;10;intermediate;30;coarse_speckled;78;95
610;test;15;intermediate;21;fine_speckled;89;67
611;test;12;positive;52;coarse_speckled;89;110
612;test;21;intermediate;33;homogeneous;68;73
613;test;4;intermediate;72;nucleolar;71;66
614;test;19;intermediate;33;centromere;81;92
615;test;19;intermediate;24;centromere;81;92
616;test;22;positive;6;homogeneous;67;61
617;test;21;intermediate;15;homogeneous;67;76
618;test;21;intermediate;29;homogeneous;70;83
619;test;19;intermediate;20;centromere;90;72
620;test;13;positive;28;centromere;76;79
621;test;22;positive;117;homogeneous;87;84
622;test;24;positive;29;nucleolar;87;101
623;test;23;positive;36;fine_speckled;87;72
624;test;10;intermediate;25;coarse_speckled;101;84
625;test;10;intermediate;14;coarse_speckled;81;90
626;test;10;intermediate;12;coarse_speckled;97;91
627;test;13;positive;47;centromere;107;79
628;test;22;positive;25;homogeneous;47;68
629;test;13;positive;39;centromere;100;80
630;test;24;positive;42;nucleolar;71;79
631;test;22;positive;103;homogeneous;67;73
632;test;12;positive;55;coarse_speckled;103;81
633;test;22;positive;2;homogeneous;77;84
634;test;19;intermediate;29;centromere;79;80
635;test;19;intermediate;56;centromere;79;71
636;test;21;intermediate;17;homogeneous;44;56
637;test;27;positive;30;cytoplasmatic;200;233
638;test;12;positive;22;coarse_speckled;80;85
639;test;22;positive;60;homogeneous;74;82
640;test;23;positive;27;fine_speckled;76;78
641;test;22;positive;115;homogeneous;49;66
642;test;12;positive;7;coarse_speckled;83;95
643;test;15;intermediate;19;fine_speckled;75;87
644;test;19;intermediate;62;centromere;74;78
645;test;15;intermediate;50;fine_speckled;87;70
646;test;27;positive;33;cytoplasmatic;112;199
647;test;24;positive;75;nucleolar;102;69
648;test;24;positive;36;nucleolar;90;65
649;test;22;positive;81;homogeneous;72;69
650;test;28;intermediate;9;cytoplasmatic;144;269
651;test;27;positive;31;cytoplasmatic;222;247
652;test;22;positive;86;homogeneous;60;93
653;test;21;intermediate;13;homogeneous;62;79
654;test;10;intermediate;33;coarse_speckled;89;91
655;test;13;positive;17;centromere;85;64
656;test;24;positive;10;nucleolar;84;95
657;test;15;intermediate;62;fine_speckled;92;110
658;test;21;intermediate;31;homogeneous;99;82
659;test;27;positive;42;cytoplasmatic;112;125
660;test;21;intermediate;40;homogeneous;88;85
661;test;24;positive;58;nucleolar;76;70
662;test;16;positive;29;centromere;86;82
663;test;21;intermediate;39;homogeneous;93;76
664;test;10;intermediate;26;coarse_speckled;104;69
665;test;19;intermediate;46;centromere;80;77
666;test;15;intermediate;55;fine_speckled;69;69
667;test;16;positive;26;centromere;81;108
668;test;27;positive;36;cytoplasmatic;232;180
669;test;21;intermediate;64;homogeneous;79;95
670;test;23;positive;16;fine_speckled;60;73
671;test;21;intermediate;10;homogeneous;72;109
672;test;24;positive;20;nucleolar;68;71
673;test;12;positive;32;coarse_speckled;98;75
674;test;22;positive;9;homogeneous;64;56
675;test;21;intermediate;18;homogeneous;73;80
676;test;23;positive;5;fine_speckled;89;78
677;test;22;positive;57;homogeneous;69;87
678;test;19;intermediate;67;centromere;83;77
679;test;13;positive;24;centromere;83;77
680;test;15;intermediate;68;fine_speckled;114;96
681;test;4;intermediate;65;nucleolar;73;61
682;test;15;intermediate;9;fine_speckled;76;91
683;test;4;intermediate;63;nucleolar;62;59
684;test;4;intermediate;73;nucleolar;71;50
685;test;23;positive;19;fine_speckled;62;122
686;test;22;positive;101;homogeneous;63;62
687;test;24;positive;30;nucleolar;64;69
688;test;13;positive;9;centromere;81;85
689;test;22;positive;42;homogeneous;74;77
690;test;15;intermediate;37;fine_speckled;70;90
691;test;22;positive;59;homogeneous;65;52
692;test;24;positive;14;nucleolar;64;87
693;test;24;positive;17;nucleolar;67;72
694;test;15;intermediate;43;fine_speckled;88;79
695;test;23;positive;40;fine_speckled;97;60
696;test;13;positive;51;centromere;73;98
697;test;13;positive;11;centromere;114;81
698;test;28;intermediate;5;cytoplasmatic;396;295
699;test;19;intermediate;52;centromere;92;64
700;test;16;positive;13;centromere;82;123
701;test;22;positive;104;homogeneous;66;83
702;test;24;positive;34;nucleolar;89;81
703;test;22;positive;41;homogeneous;65;60
704;test;22;positive;74;homogeneous;83;68
705;test;13;positive;19;centromere;90;101
706;test;15;intermediate;38;fine_speckled;88;76
707;test;22;positive;28;homogeneous;72;68
708;test;19;intermediate;45;centromere;73;80
709;test;22;positive;80;homogeneous;55;87
710;test;21;intermediate;27;homogeneous;75;78
711;test;23;positive;17;fine_speckled;74;76
712;test;22;positive;17;homogeneous;80;78
713;test;23;positive;18;fine_speckled;66;90
714;test;24;positive;57;nucleolar;106;83
715;test;10;intermediate;34;coarse_speckled;78;101
716;test;15;intermediate;42;fine_speckled;92;85
717;test;13;positive;49;centromere;116;77
718;test;17;positive;20;coarse_speckled;88;87
719;test;22;positive;93;homogeneous;85;71
720;test;24;positive;60;nucleolar;97;82
721;test;23;positive;30;fine_speckled;67;61
722;test;4;intermediate;53;nucleolar;56;78
723;test;13;positive;48;centromere;98;63
724;test;28;intermediate;8;cytoplasmatic;105;294
725;test;23;positive;28;fine_speckled;74;73
726;test;22;positive;61;homogeneous;64;95
727;test;24;positive;3;nucleolar;113;101
728;test;22;positive;18;homogeneous;60;61
729;test;22;positive;21;homogeneous;82;86
730;test;22;positive;48;homogeneous;74;82
731;test;27;positive;17;cytoplasmatic;78;209
732;test;24;positive;47;nucleolar;85;97
733;test;27;positive;43;cytoplasmatic;78;91
734;test;23;positive;46;fine_speckled;69;64